{
  "size": 100,
  "hardware": {
    "outputSize": 800,
    "strands": [
      {
        "start": 0,
        "end": 50
      },
      {
        "start": 100,
        "end": 150
      }
    ]
  },
  "rawPoints": [
    [
      0.1315889209508896,
      -0.054186392575502396,
      0.0017758260946720839
    ],
    [
      0.1743152141571045,
      -0.0443732924759388,
      0.09325436502695084
    ],
    [
      0.24950231611728668,
      -0.028001004830002785,
      0.09188118577003479
    ],
    [
      0.19050222635269165,
      -0.04101002588868141,
      0.08346382528543472
    ],
    [
      0.13718514144420624,
      -0.04604654386639595,
      0.046137578785419464
    ],
    [
      0.13552609086036682,
      -0.056548696011304855,
      0.19375211000442505
    ],
    [
      0.04016701504588127,
      -0.0455608144402504,
      0.11682583391666412
    ],
    [
      -0.032959260046482086,
      -0.0361759327352047,
      0.18766401708126068
    ],
    [
      0.04514051601290703,
      -0.049530427902936935,
      0.25409045815467834
    ],
    [
      -0.0036698414478451014,
      -0.02580256573855877,
      0.36769387125968933
    ],
    [
      -0.01099137868732214,
      -0.050277821719646454,
      0.24511227011680603
    ],
    [
      -0.12157316505908966,
      -0.02363421954214573,
      0.27228572964668274
    ],
    [
      -0.07209759205579758,
      -0.02826083078980446,
      0.18298007547855377
    ],
    [
      -0.14286355674266815,
      -0.040540505200624466,
      0.11407031863927841
    ],
    [
      -0.18934454023838043,
      -0.04273689165711403,
      0.06398904323577881
    ],
    [
      -0.15964488685131073,
      -0.009646788239479065,
      0.18183910846710205
    ],
    [
      -0.16043496131896973,
      -0.04778662696480751,
      0.061767492443323135
    ],
    [
      -0.22429108619689941,
      0.016569463536143303,
      0.1466389149427414
    ],
    [
      -0.1583131104707718,
      -0.05462374538183212,
      0.10157744586467743
    ],
    [
      -0.13316287100315094,
      -0.012667606584727764,
      0.034618452191352844
    ],
    [
      -0.22752581536769867,
      -0.04489767178893089,
      0.025121787562966347
    ],
    [
      -0.17009659111499786,
      -0.0783768817782402,
      -0.08817629516124725
    ],
    [
      -0.183975949883461,
      -0.1636609584093094,
      -0.026129042729735374
    ],
    [
      -0.15733382105827332,
      -0.20540055632591248,
      -0.038535069674253464
    ],
    [
      -0.2193317860364914,
      -0.24677056074142456,
      -0.0279275793582201
    ],
    [
      -0.17126324772834778,
      -0.3213052749633789,
      -0.10944674909114838
    ],
    [
      -0.17830172181129456,
      -0.3932698965072632,
      -0.03264283016324043
    ],
    [
      -0.24023662507534027,
      -0.4245527386665344,
      -0.09274006634950638
    ],
    [
      -0.16881310939788818,
      -0.5001097917556763,
      -0.04568052664399147
    ],
    [
      -0.21291828155517578,
      -0.5905367732048035,
      -0.08652835339307785
    ],
    [
      -0.16659530997276306,
      -0.6503422856330872,
      -0.060328662395477295
    ],
    [
      -0.2185589075088501,
      -0.6610631942749023,
      -0.09959972649812698
    ],
    [
      -0.12362231314182281,
      -0.7041568160057068,
      -0.1482507735490799
    ],
    [
      -0.21413786709308624,
      -0.7131226658821106,
      -0.22671476006507874
    ],
    [
      -0.16512642800807953,
      -0.725994884967804,
      -0.12023966014385223
    ],
    [
      -0.23881736397743225,
      -0.7225682735443115,
      -0.23049898445606232
    ],
    [
      -0.13175229728221893,
      -0.7295722961425781,
      -0.1708873212337494
    ],
    [
      -0.13952039182186127,
      -0.6769343018531799,
      -0.25593194365501404
    ],
    [
      -0.22810098528862,
      -0.7203342318534851,
      -0.2865585684776306
    ],
    [
      -0.21542824804782867,
      -0.7300847172737122,
      -0.40111860632896423
    ],
    [
      -0.0807795375585556,
      -0.7233773469924927,
      -0.40766435861587524
    ],
    [
      -0.14454375207424164,
      -0.6812694072723389,
      -0.4073074162006378
    ],
    [
      -0.18352767825126648,
      -0.7357403635978699,
      -0.49570170044898987
    ],
    [
      -0.07037236541509628,
      -0.7368473410606384,
      -0.47018539905548096
    ],
    [
      -0.058443550020456314,
      -0.7173142433166504,
      -0.5305311679840088
    ],
    [
      -0.15049737691879272,
      -0.735379159450531,
      -0.6059677004814148
    ],
    [
      -0.058228280395269394,
      -0.7238439321517944,
      -0.5718905329704285
    ],
    [
      -0.06610041856765747,
      -0.7164258360862732,
      -0.6952041387557983
    ],
    [
      0.040892474353313446,
      -0.7152457237243652,
      -0.6343990564346313
    ],
    [
      0.03424929082393646,
      -0.7161229848861694,
      -0.7197734117507935
    ],
    [
      0.1657935082912445,
      -0.020366644486784935,
      0.08006852865219116
    ],
    [
      0.054293520748615265,
      -0.03974497318267822,
      0.0756245031952858
    ],
    [
      0.036866649985313416,
      -0.04328303784132004,
      0.10520955175161362
    ],
    [
      0.10458993911743164,
      -0.0423942431807518,
      0.19092687964439392
    ],
    [
      0.015753526240587234,
      -0.04394952580332756,
      0.21597741544246674
    ],
    [
      0.050492700189352036,
      -0.03136656805872917,
      0.28470587730407715
    ],
    [
      0.10452132672071457,
      -0.05255800485610962,
      0.34166550636291504
    ],
    [
      0.03478071466088295,
      -0.04548005014657974,
      0.384625643491745
    ],
    [
      0.04610131308436394,
      -0.05085595324635506,
      0.4690520465373993
    ],
    [
      0.07421034574508667,
      -0.026830874383449554,
      0.3652479350566864
    ],
    [
      0.016382664442062378,
      -0.047995105385780334,
      0.4477270245552063
    ],
    [
      0.08761785179376602,
      0.0038313851691782475,
      0.4321015775203705
    ],
    [
      -0.013083137571811676,
      -0.033184997737407684,
      0.3969910144805908
    ],
    [
      0.09799307584762573,
      0.021897852420806885,
      0.420019268989563
    ],
    [
      0.019996948540210724,
      -0.05089719966053963,
      0.3942316472530365
    ],
    [
      0.09269476681947708,
      -0.0011017807992175221,
      0.35273194313049316
    ],
    [
      -0.003568388056010008,
      -0.0542258620262146,
      0.31189846992492676
    ],
    [
      -0.011802065186202526,
      -0.05250602215528488,
      0.22984838485717773
    ],
    [
      0.10915731638669968,
      -0.05284249410033226,
      0.21308131515979767
    ],
    [
      -0.011072138324379921,
      -0.061171408742666245,
      0.1925569623708725
    ],
    [
      0.09082285314798355,
      -0.04393460229039192,
      0.1411665827035904
    ],
    [
      -0.04081910848617554,
      -0.05559520795941353,
      0.13032940030097961
    ],
    [
      -0.016835244372487068,
      -0.05214396119117737,
      0.011716721579432487
    ],
    [
      0.03802459314465523,
      -0.009517865255475044,
      0.11701563000679016
    ],
    [
      0.09004621207714081,
      -0.014216181822121143,
      0.02485986053943634
    ],
    [
      0.002272077603265643,
      -0.02417130023241043,
      0.05377637967467308
    ],
    [
      0.03214383125305176,
      -0.00044833606807515025,
      0.006734712049365044
    ],
    [
      0.046329014003276825,
      -0.03746655583381653,
      -0.08141530305147171
    ],
    [
      -0.0355805866420269,
      -0.11089601367712021,
      -0.10457456856966019
    ],
    [
      0.02030075527727604,
      -0.1356988251209259,
      -0.10781527310609818
    ],
    [
      0.05184809863567352,
      -0.18716485798358917,
      -0.17181797325611115
    ],
    [
      0.03644596412777901,
      -0.23550085723400116,
      -0.11384597420692444
    ],
    [
